"id","created_at","updated_at","dob","email","is_active","last_login_at","mobile_number","name","password_hash","tenant_id"
17,2026-03-03 14:37:14.412,2026-03-03 14:37:14.412,1990-01-01,superadmin@kyc.com,true,,"9999999999",Super Admin,$2a$10$XCVehmGCBUZj3/jTEg3vNeO.d7G/ZYSR9l64iD1nrV2oxtfSL2gXu,system
18,2026-03-03 14:37:14.531,2026-03-03 14:37:14.531,1990-01-01,admin@kyc.com,true,,"0000000000",Default Admin,$2a$10$9jLCB6zLILmiILMmodRiXeC4ZGledQV7lR3hWD1O6Qw6U7RJJby3.,default
19,2026-03-03 14:53:34.308,2026-03-03 14:53:34.308,,admin@testbank.com,true,,"1687243994",Test Bank Admin,$2a$10$YdZOqIq5yIeWpXi7g0QuHOlZJ7PNBsj1YJvm9qfRPKBm4naIbV82y,test_bank
20,2026-03-05 11:38:32.290,2026-03-05 11:38:32.290,,admin@acmebank.com,true,,"0325211598",Acme Bank Limited Admin,$2a$10$S3GxNRCMt5pN6bWN4WZoSuucASPxK36k3mv3/szINEwGkze9iG2b.,acme_bank
21,2026-03-05 11:48:22.958,2026-03-05 11:48:22.958,1995-06-15,rahul.sharma@gmail.com,true,,"9876543210",Rahul Sharma,$2a$10$xGpNlbypCarnBgEJ3TQZx.XCYMGlVCRGI2EM25bNPfTPTpSeqEMRi,default
22,2026-03-05 11:48:40.392,2026-03-05 11:48:40.392,1992-11-20,priya.patel@yahoo.com,true,,"8765432109",Priya Patel,$2a$10$EIX.0op672CvAOPZUjbkd.FVG0SCvfyR4//7oD108dagvKBFupL.y,default
35,2026-03-07 15:39:00.816,2026-03-07 15:39:00.816,1990-01-01,verified@example.com,true,,"1112223334",Verified User,$2a$10$8.UnVuG9HHgffUDAlk8qnOu6Z.Lp.8S9mPSuQzH.I3yvL8W7lGqG.,default
36,2026-03-07 15:39:00.816,2026-03-07 15:39:00.816,1985-05-20,rejected@example.com,true,,"2223334445",Rejected User,$2a$10$8.UnVuG9HHgffUDAlk8qnOu6Z.Lp.8S9mPSuQzH.I3yvL8W7lGqG.,default
37,2026-03-07 15:39:00.816,2026-03-07 15:39:00.816,1992-10-10,processing@example.com,true,,"3334445556",Processing User,$2a$10$8.UnVuG9HHgffUDAlk8qnOu6Z.Lp.8S9mPSuQzH.I3yvL8W7lGqG.,default
38,2026-03-07 15:39:00.816,2026-03-07 15:39:00.816,1995-12-25,submitted@example.com,true,,"4445556667",Submitted User,$2a$10$8.UnVuG9HHgffUDAlk8qnOu6Z.Lp.8S9mPSuQzH.I3yvL8W7lGqG.,default
39,2026-03-07 15:39:00.816,2026-03-07 15:39:00.816,1988-02-28,error@example.com,true,,"5556667778",Error User,$2a$10$8.UnVuG9HHgffUDAlk8qnOu6Z.Lp.8S9mPSuQzH.I3yvL8W7lGqG.,default
40,2026-03-16 09:35:28.762,2026-03-16 09:35:28.762,,admin@hdfcbank.com,true,,"0816778099",HDFC Bank Limited Admin,$2a$10$Coid10azqYsovR5x2vH/U.io8jjJTeEoHsx.FB9wBzaWehPM1XE9y,hdfc_bank
53,2026-03-19 14:15:46.237,2026-03-19 14:15:46.237,1990-01-01,concurrent.userone.aab7dd1e@example.com,true,,"7466975917",Concurrent UserOne,$2a$10$L/wEjgKKvcMAmkvRgnUw0eQ..PooNp35JeftZh2L.TTjaDgkXuXK6,default
43,2026-03-18 16:13:37.456,2026-03-18 16:13:37.456,1990-01-01,concurrent.userone.731bc2f4@example.com,true,,"7711505328",Concurrent UserOne,$2a$10$8OqBFyFXF8MJwdhkZlLakuKIgKUCMEDcZmAVdwzbxo9tULsa4izU.,default
44,2026-03-18 16:13:38.190,2026-03-18 16:13:38.190,1990-01-01,concurrent.usertwo.731bc2f4@example.com,true,,"8932871601",Concurrent UserTwo,$2a$10$EMKWdsnuUPBCVbAgLCOoaOnl6zsiY98qBdOAK4WjoZhSpVSwz3BjG,default
45,2026-03-18 16:16:15.750,2026-03-18 16:16:15.750,1990-01-01,concurrent.userone.e03d65ea@example.com,true,,"7613620634",Concurrent UserOne,$2a$10$orOD4OP5yp3NZOLpEPa8Du4Tl2Dx/7K8lsDIe.f5Ca66cr2.jBxcm,default
46,2026-03-18 16:16:16.032,2026-03-18 16:16:16.032,1990-01-01,concurrent.usertwo.e03d65ea@example.com,true,,"8130870683",Concurrent UserTwo,$2a$10$LjedrxuPJ1QVwo8UnGRBZ.0b9cisbRuspKmm6sUag9Mlw42ypuhui,default
47,2026-03-18 16:47:20.508,2026-03-18 16:47:20.508,1990-01-01,concurrent.userone.db05c15b@example.com,true,,"7470329877",Concurrent UserOne,$2a$10$HWYfjCsAKY/0Qoqh0QT2vuHmciHUqafzR1hDtcQYIOfR7GrhoBVfi,default
48,2026-03-18 16:47:21.258,2026-03-18 16:47:21.258,1990-01-01,concurrent.usertwo.db05c15b@example.com,true,,"8231925268",Concurrent UserTwo,$2a$10$Wje2c3d8/kHutG7iKkK3b.9k083zQfMzV0xWaZxUX9k1912C0Y4xm,default
49,2026-03-18 17:10:34.747,2026-03-18 17:10:34.747,1990-01-01,concurrent.userone.71a983e3@example.com,true,,"7016181323",Concurrent UserOne,$2a$10$XZzphTJgvn3IsZWt1W9C1eCIW0zipN0JoTJcdZFGKVd1emlekxm6W,default
50,2026-03-18 17:10:35.544,2026-03-18 17:10:35.544,1990-01-01,concurrent.usertwo.71a983e3@example.com,true,,"8529369162",Concurrent UserTwo,$2a$10$mayA9xkt0cxsEH5OjGxGre4rRY757ZulFKWOkTrzJnwwecouWVSdm,default
51,2026-03-19 11:38:06.672,2026-03-19 11:38:06.672,1990-01-01,concurrent.userone.3823942f@example.com,true,,"7219896113",Concurrent UserOne,$2a$10$tLKVvBp4XSEw2ocUGUUjXuyHVNYqDhcWcBzeJCzqFXaIwA9BLa6r2,default
52,2026-03-19 11:38:07.216,2026-03-19 11:38:07.216,1990-01-01,concurrent.usertwo.3823942f@example.com,true,,"8690851632",Concurrent UserTwo,$2a$10$DLG798./Y4ABAF7Vfi6QveJfyCNozatXO0Pu8FUgdELUWWSPds2OS,default
54,2026-03-19 14:15:46.679,2026-03-19 14:15:46.679,1990-01-01,concurrent.usertwo.aab7dd1e@example.com,true,,"8380507308",Concurrent UserTwo,$2a$10$LZ56aBcdJ9rxQxKn5w0rH.z0kuhIqKEgZAJMa6K1RJVc6nUe8eQ7C,default
55,2026-03-19 14:44:39.882,2026-03-19 14:44:39.882,1990-01-01,concurrent.userone.3faf9c33@example.com,true,,"7920228790",Concurrent UserOne,$2a$10$BYFtL6nmJAP14aCBumL/nu5J99y3DblZInX3tj/wY.l0IaW8MEaY6,default
56,2026-03-19 14:44:40.156,2026-03-19 14:44:40.156,1990-01-01,concurrent.usertwo.3faf9c33@example.com,true,,"8091133367",Concurrent UserTwo,$2a$10$9FpC/h5SH/CJ.jQRUUBsL.k954oXmbfz7H3OwGeJfUCHYKzk4bY/i,default
57,2026-03-19 17:17:08.944,2026-03-19 17:17:08.944,1990-01-01,concurrent.userone.74bc31d7@example.com,true,,"7186925310",Concurrent UserOne,$2a$10$t12WeShX13bqJBwhW5m9nO7KqpzBbropTDwWSVzS1SJKx8skoiya6,default
58,2026-03-19 17:17:09.887,2026-03-19 17:17:09.887,1990-01-01,concurrent.usertwo.74bc31d7@example.com,true,,"8650047743",Concurrent UserTwo,$2a$10$K6UFPdEWSrwhrWt6/sHPReF76ZNRoZdR3V/osLBzUZ9cPUc5qyW1u,default
59,2026-03-19 17:33:46.691,2026-03-19 17:33:46.691,1990-01-01,concurrent.userone.3372fa6a@example.com,true,,"7657156009",Concurrent UserOne,$2a$10$I4F98g8ZBeMlCiBh5cYARepXvlVMgcapgXfwlMBsZ/7Evcpw5ZWAO,default
60,2026-03-19 17:33:47.033,2026-03-19 17:33:47.033,1990-01-01,concurrent.usertwo.3372fa6a@example.com,true,,"8118833576",Concurrent UserTwo,$2a$10$Vu8qOqhj/IxQzuoaDEUDyekMvS8xeUICmpkGmuY0Q8yqsJbyp3j.K,default
61,2026-03-19 17:42:05.444,2026-03-19 17:42:05.444,1990-01-01,concurrent.userone.032f2ea5@example.com,true,,"7938715444",Concurrent UserOne,$2a$10$CyOtbt4F.E5TMXDo1gMIpOjoi20ZdQLcTeQhxVX9700r1eBps9mpm,default
62,2026-03-19 17:42:05.756,2026-03-19 17:42:05.756,1990-01-01,concurrent.usertwo.032f2ea5@example.com,true,,"8946800949",Concurrent UserTwo,$2a$10$IudeXttBvJBVc8wl57OqoOTeZIjFmlZ5HPSsmwToA0dWRVNqTbOxm,default
63,2026-03-20 09:37:28.689,2026-03-20 09:37:28.689,1990-01-01,concurrent.userone.cf89f4ca@example.com,true,,"7165287133",Concurrent UserOne,$2a$10$QEeilFI3h1rEXuwHtuV9Fe./rPpKP115TyJJrg4axFTKkihnJqyH6,default
64,2026-03-20 09:37:29.146,2026-03-20 09:37:29.146,1990-01-01,concurrent.usertwo.cf89f4ca@example.com,true,,"8720253660",Concurrent UserTwo,$2a$10$vBH8nPvdvz0IAs2rUAuxj.TGpD5ZInlYWiMnKl7u3WuJkFaXEqht2,default
66,2026-03-20 10:53:41.497,2026-03-20 10:53:41.497,2005-06-10,abcxyz6510@gmail.com,true,,"7458962103",Gondaliya Karan,$2a$10$KtxAFqA/OLZkS9vGkWbCxOEdeHtd2KYkK2xpNxX8doKW0Vf9ZcWVq,hdfc_bank
68,2026-03-26 08:25:10.117,2026-03-26 08:25:10.117,1990-01-01,john.doe@example.com,true,,"9824234324",John Doe,$2a$10$85lk45Q05eeGB0Ik5ti78uQ7tfAdKSz/sCoJJ7Pl/JRkR43PB.zxS,system
